Dataset,Column,Data Type,Non-Null,Missing,Missing %,Unique Values,Examples
Fraud_Cases,case_id,str,10000,0,0.0,10000,"['CASE000001', 'CASE000002', 'CASE000003']"
Fraud_Cases,complaint_timestamp,str,10000,0,0.0,9997,"['2026-06-30 02:50:49', '2026-08-03 11:29:34', '2026-02-13 01:01:05']"
Fraud_Cases,crime_type,str,10000,0,0.0,6,"['UPI_FRAUD', 'INVESTMENT_FRAUD', 'OTHER_FINANCIAL_FRAUD']"
Fraud_Cases,scenario,str,10000,0,0.0,11,"['NORMAL', 'MULTI_HOP', 'VELOCITY_SPIKE']"
Fraud_Cases,victim_account_id,str,10000,0,0.0,8515,***MASKED***
Fraud_Cases,victim_state,str,10000,0,0.0,4,"['Kerala', 'Tamil Nadu', 'Andhra Pradesh']"
Fraud_Cases,victim_district,str,10000,0,0.0,40,"['Kollam', 'Erode', 'Thrissur']"
Fraud_Cases,victim_area,str,10000,0,0.0,193,"['Chinnakada', 'Perundurai Road', 'Punkunnam']"
Fraud_Cases,victim_area_id,str,10000,0,0.0,200,"['AREA0123', 'AREA0031', 'AREA0116']"
Fraud_Cases,fraud_amount,float64,10000,0,0.0,9893,"[21663.42, 16588.79, 37650.23]"
Fraud_Cases,reported_by_authority,int64,10000,0,0.0,2,"[0, 1]"
Transactions,transaction_id,str,300000,0,0.0,300000,"['TXN00004942', 'TXN00051776', 'TXN00115254']"
Transactions,case_id,str,47167,252833,84.28,10001,"['CASE001044', 'CASE006562', 'CASE005850']"
Transactions,timestamp,str,300000,0,0.0,296467,"['2026-02-14 17:37:58', '2026-05-12 17:00:13', '2026-05-30 08:39:09']"
Transactions,from_account,str,300000,0,0.0,29996,***MASKED***
Transactions,to_account,str,300000,0,0.0,29998,***MASKED***
Transactions,amount,float64,300000,0,0.0,218262,"[530.05, 2472.22, 900.66]"
Transactions,transaction_type,str,300000,0,0.0,5,"['BANK_TRANSFER', 'IMPS', 'UPI']"
Transactions,scenario,str,300000,0,0.0,12,"['SPLIT_FUNDS', 'BACKGROUND_NORMAL', 'NORMAL']"
Withdrawals,withdrawal_id,str,80000,0,0.0,80000,"['WD00047045', 'WD00044296', 'WD00074784']"
Withdrawals,case_id,str,28614,51386,64.23,8248,"['CASE002851', 'CASE000283', 'CASE008902']"
Withdrawals,account_id,str,80000,0,0.0,27914,***MASKED***
Withdrawals,atm_id,str,80000,0,0.0,3000,"['ATM02619', 'ATM00276', 'ATM02092']"
Withdrawals,timestamp,str,80000,0,0.0,79756,"['2026-04-13 15:23:37', '2026-08-05 15:30:42', '2026-08-30 10:19:48']"
Withdrawals,amount,float64,80000,0,0.0,67952,"[1671.81, 1332.86, 2169.9]"
Withdrawals,state,str,80000,0,0.0,4,"['Karnataka', 'Kerala', 'Andhra Pradesh']"
Withdrawals,district,str,80000,0,0.0,40,"['Hubballi', 'Mangaluru', 'Mysuru']"
Withdrawals,area,str,80000,0,0.0,193,"['Gokul Road', 'Kadri', 'Kuvempunagar']"
Withdrawals,area_id,str,80000,0,0.0,200,"['AREA0067', 'AREA0062', 'AREA0058']"
Withdrawals,latitude,float64,80000,0,0.0,2994,"[15.367599, 12.931789, 12.29558]"
Withdrawals,longitude,float64,80000,0,0.0,2996,"[75.122791, 74.851776, 76.631626]"
Withdrawals,hour,int64,80000,0,0.0,24,"[15, 10, 13]"
Withdrawals,day_of_week,int64,80000,0,0.0,7,"[0, 2, 6]"
Withdrawals,is_weekend,int64,80000,0,0.0,2,"[0, 1]"
Withdrawals,is_night,int64,80000,0,0.0,2,"[0, 1]"
Withdrawals,scenario,str,80000,0,0.0,12,"['BACKGROUND_NORMAL', 'VELOCITY_SPIKE', 'NORMAL']"
Withdrawals,is_suspicious,int64,80000,0,0.0,2,"[0, 1]"
Withdrawals,hour_timestamp,str,80000,0,0.0,5869,"['2026-04-13 15:00:00', '2026-08-05 15:00:00', '2026-08-30 10:00:00']"
Accounts,account_id,str,30000,0,0.0,30000,***MASKED***
Accounts,account_type,str,30000,0,0.0,5,"['CURRENT', 'SAVINGS', 'DIGITAL_WALLET']"
Accounts,bank_id,str,30000,0,0.0,8,"['BANK001', 'BANK002', 'BANK004']"
Accounts,state,str,30000,0,0.0,4,"['Karnataka', 'Kerala', 'Andhra Pradesh']"
Accounts,district,str,30000,0,0.0,40,"['Mysuru', 'Thiruvananthapuram', 'Guntur']"
Accounts,area,str,30000,0,0.0,193,"['Kuvempunagar', 'Kesavadasapuram', 'Gorantla']"
Accounts,area_id,str,30000,0,0.0,200,"['AREA0058', 'AREA0105', 'AREA0165']"
Accounts,account_age_days,int64,30000,0,0.0,2723,"[1078, 1250, 115]"
Accounts,baseline_daily_txn_count,int64,30000,0,0.0,17,"[8, 9, 1]"
Accounts,baseline_daily_amount,float64,30000,0,0.0,29502,"[5462.06, 2178.52, 6512.11]"
Accounts,baseline_daily_withdrawals,int64,30000,0,0.0,9,"[1, 2, 3]"
ATMs_Locations,atm_id,str,3000,0,0.0,3000,"['ATM00001', 'ATM00002', 'ATM00003']"
ATMs_Locations,bank_id,str,3000,0,0.0,8,"['BANK002', 'BANK005', 'BANK004']"
ATMs_Locations,state,str,3000,0,0.0,4,"['Tamil Nadu', 'Andhra Pradesh', 'Kerala']"
ATMs_Locations,district,str,3000,0,0.0,40,"['Vellore', 'Guntur', 'Dindigul']"
ATMs_Locations,area,str,3000,0,0.0,193,"['Sathuvachari', 'Brodipet', 'Natham Road']"
ATMs_Locations,area_id,str,3000,0,0.0,200,"['AREA0037', 'AREA0161', 'AREA0050']"
ATMs_Locations,latitude,float64,3000,0,0.0,2994,"[12.929275, 16.322135, 10.348981]"
ATMs_Locations,longitude,float64,3000,0,0.0,2996,"[79.133935, 80.449247, 77.979605]"
ATMs_Locations,atm_type,str,3000,0,0.0,5,"['BANK_BRANCH_ATM', 'STANDALONE_ATM', 'PETROL_STATION_ATM']"
ATMs_Locations,is_24x7,int64,3000,0,0.0,2,"[1, 0]"
Areas_Master,area_id,str,200,0,0.0,200,"['AREA0001', 'AREA0002', 'AREA0003']"
Areas_Master,state,str,200,0,0.0,4,"['Tamil Nadu', 'Karnataka', 'Kerala']"
Areas_Master,district,str,200,0,0.0,40,"['Chennai', 'Coimbatore', 'Madurai']"
Areas_Master,area,str,200,0,0.0,193,"['Anna Nagar', 'T Nagar', 'Velachery']"
Areas_Master,center_lat,float64,200,0,0.0,39,"[13.0827, 11.0168, 9.9252]"
Areas_Master,center_lon,float64,200,0,0.0,40,"[80.2707, 76.9558, 78.1198]"
