database_component,specification_requirement,actual_code_implementation,validation_status,audit_verdict
Spatial Column Type,PostGIS POINT with SRID 4326,Geometry(geometry_type='POINT' srid=4326 spatial_index=True),VERIFIED in database/models.py,PASS
Coordinate Order,POINT(longitude latitude) standard,ST_SetSRID(ST_MakePoint(longitude latitude) 4326),VERIFIED in database/spatial_queries.py,PASS
Coordinate Validation,Latitude in [-90 90] Longitude in [-180 180],Validation check in schemas.py & predict.py,VERIFIED in schemas.py,PASS
Zero-Zero Fabrication,Prohibit (0.0 0.0) null coordinate fabrication,Null coordinates remain None or flagged as approximate,VERIFIED,PASS
Spatial Queries: Radius,ST_DWithin or ST_DistanceSphere,find_events_within_radius() implemented,VERIFIED in spatial_queries.py,PASS
Spatial Queries: Bbox,ST_MakeEnvelope for bounding box queries,find_events_in_bounding_box() implemented,VERIFIED in spatial_queries.py,PASS
Spatial Indexing,R-tree spatial index (GIST),spatial_index=True on location geometry column,VERIFIED in models.py,PASS
Dual-Mode Fallback,Resilient operation when local PostgreSQL inactive,Fallback to outputs/phase15_hotspots.geojson,VERIFIED in connection.py,PASS
DDL Schema Scripts,01_extensions.sql; 02_schema.sql; 03_indexes.sql,Present in sql/ directory,VERIFIED,PASS
ORM Integrity,SQLAlchemy 2.0 declarative models,database/models.py & investigation_models.py,VERIFIED,PASS
