audit_id,prohibited_or_dangerous_claim,risk_category,correct_compliant_terminology,compliance_status,audit_verification_notes
CLAIM-01,"100% accuracy / perfect accuracy",Overstated Accuracy,model-derived risk signal (86.93% accuracy on held-out test),COMPLIANT,All documentation and slides explicitly state the locked Phase 8 out-of-sample accuracy of 86.93%. Zero claims of perfection.
CLAIM-02,"guaranteed prediction / guarantees future withdrawal",Deterministic Overstatement,likely future withdrawal activity within 24-hour horizon,COMPLIANT,Framed strictly as a probabilistic risk forecast derived from behavioral kinematics.
CLAIM-03,"exact ATM prediction / exact ATM machine",Kinematic Impossibility,commercial market ATM cluster / analytical hotspot (DBSCAN eps=500m),COMPLIANT,Cluster corridor modeling emphasized to account for mule hopping across adjacent commercial ATMs.
CLAIM-04,"criminal identified / suspect identified",False Accusation / Defamation,incident behavioral risk pattern / transit account velocity,COMPLIANT,Zero facial recognition or biometric identification; system strictly evaluates impersonal financial telemetry.
CLAIM-05,"criminal location / exact perpetrator position",Civil Liberties Violation,analytical hotspot / area requiring authorized review,COMPLIANT,Explicitly documented: system identifies geographic density of cash dispensation nodes not individual suspects.
CLAIM-06,"automatic criminal detection / automatically catches criminals",Unlawful Coercive Action,human-in-the-loop decision support for authorized officers,COMPLIANT,Mandatory officer review enforced before any tactical patrol check is dispatched.
CLAIM-07,"automatic account freezing / auto-freezes accounts",Statutory & Constitutional Violation,formal Section 91/102 CrPC notice for bank nodal review,COMPLIANT,Direct automated account freezing is prohibited in schema and documentation; requires judicial police authority.
CLAIM-08,"automatic transaction blocking / auto-halts switches",Statutory Violation,precautionary verification advisory for bank nodal desks,COMPLIANT,System outputs analytical advisories; bank fraud monitoring teams retain blocking discretion.
CLAIM-09,"live NCRP data / direct I4C national portal feed",Unsupported Access Claim,prototype using available/synthetic/anonymized data,COMPLIANT,Project clearly labels all inputs as research and demonstration partitions without claiming classified government access.
CLAIM-10,"live bank data / core banking feeds",Unsupported Financial Claim,standardized bank webhook integration specifications,COMPLIANT,Framed as an API integration architecture rather than an active unverified live banking switch hook.
CLAIM-11,"government database access / direct CCTNS database hook",Unsupported System Claim,prototype using available/synthetic/anonymized data,COMPLIANT,Explicitly labeled as a standalone prototype ready for authorized government API onboarding.
CLAIM-12,"this feature caused the crime",Causal Misrepresentation,these features contributed toward the model's prediction (SHAP),COMPLIANT,Exact Shapley additive attribution phrasing enforced across all presentation scripts and reports.
CLAIM-13,"unsupervised autonomous police patrol dispatch",Operational Negligence,prioritized analytical advisory for police control room dispatchers,COMPLIANT,System feeds CAD advisories; human duty officer retains sole deployment discretion.
CLAIM-14,"demographic profiling / high-risk community zones",Constitutional Violation (Art 15),impersonal behavioral transaction kinematics and reporting density,COMPLIANT,Zero protected demographic attributes (religion, caste, gender, income) exist in the feature pipeline.
CLAIM-15,"artificial 99% precision claimed on imbalanced fraud",Scientific Fraud,honest Phase 8 precision of 6.38% with 96.73% specificity,COMPLIANT,Extreme class imbalance transparently acknowledged and defended using PR-AUC (0.1029).
CLAIM-16,"airtight prediction with zero false alarms",Operational Falsehood,unproductive patrol verification tracked in feedback ledger,COMPLIANT,Negative patrol checks are documented as standard operational occurrences and logged for model monitoring.
