audit_id,audit_item,ground_truth_standard,audited_files,status,verification_notes
AUDIT-01,Model Architecture,XGBoost Classifier (Extreme Gradient Boosting),src/predict.py; api/routers/prediction_router.py; outputs/phase18_model_summary.csv; outputs/phase20_model_explanation.md,CONSISTENT,Uniformly identified as XGBoost Classifier across code and documentation.
AUDIT-02,Model Hyperparameters,"n_estimators=100, max_depth=4, learning_rate=0.05, subsample=0.8, colsample_bytree=0.8",models/phase7_xgboost_metadata.json; outputs/phase18_model_summary.csv; outputs/phase20_model_explanation.md,CONSISTENT,Exact hyperparameters locked in metadata JSON and reflected identically in all docs.
AUDIT-03,Phase 8 Accuracy,86.93% (0.8693),outputs/phase18_model_summary.csv; outputs/phase19_final_presentation.md; outputs/phase20_model_explanation.md; outputs/phase20_project_defense.md,CONSISTENT,Exact out-of-sample test accuracy verified across all artifacts.
AUDIT-04,Phase 8 Specificity,96.73% (0.9673),outputs/phase18_model_summary.csv; outputs/phase19_final_presentation.md; outputs/phase20_model_explanation.md; outputs/phase20_project_defense.md,CONSISTENT,High true negative rate documented as core operational defense against alert fatigue.
AUDIT-05,Phase 8 PR-AUC,0.1029,outputs/phase18_model_summary.csv; outputs/phase19_final_presentation.md; outputs/phase20_model_explanation.md; outputs/phase20_hard_questions.md,CONSISTENT,Precision-Recall AUC verified as primary imbalanced metric (3.2x above baseline prevalence).
AUDIT-06,Phase 8 ROC-AUC,0.4760,outputs/phase18_model_summary.csv; outputs/phase19_final_presentation.md; outputs/phase20_model_explanation.md; outputs/phase20_hard_questions.md,CONSISTENT,Honest ROC-AUC reported without inflation or smoothing.
AUDIT-07,Phase 8 Precision & Recall,"Precision=0.0638 (6.38%), Recall=0.0194 (1.94%), F1=0.0297",outputs/phase18_model_summary.csv; outputs/phase19_final_presentation.md; outputs/phase20_model_explanation.md,CONSISTENT,Locked test metrics recorded faithfully; statistical defenses prepared for judge review.
AUDIT-08,Decision Threshold,0.50 (Standard Bayesian Classification Cutoff),models/phase7_xgboost_metadata.json; outputs/phase18_model_summary.csv; outputs/phase20_model_explanation.md,CONSISTENT,Standard 0.50 threshold used for test evaluations; operational threshold flexibility explained.
AUDIT-09,Probability Calibration,Platt Scaling (Logistic Sigmoid on raw margin),src/predict.py; outputs/phase18_system_health_report.md; outputs/phase20_model_explanation.md,CONSISTENT,Maps raw margins to calibrated posterior probability in range [0 1].
AUDIT-10,Explainability Framework,SHAP TreeExplainer (Exact Additive Feature Attribution),src/predict.py; api/routers/prediction_router.py; outputs/phase10_shap_summary.png; outputs/phase20_model_explanation.md,CONSISTENT,Polynomial-time TreeExplainer applied without external sampling approximations.
AUDIT-11,Spatial Clustering,DBSCAN (eps=500m / 0.0045 deg, min_samples=3, metric=haversine),src/clustering.py; sql/spatial_queries.sql; outputs/phase15_hotspots.geojson; outputs/phase20_project_defense.md,CONSISTENT,Uniform parameters across Python and PostGIS query implementations.
AUDIT-12,Operational Risk Tiers,"LOW (<25), MEDIUM (25-49), HIGH (50-79), CRITICAL (80-100)",api/schemas.py; notifications/alert_engine.py; dashboard/js/dashboard.js; outputs/phase20_technical_60_seconds.md,CONSISTENT,Consistent 4-tier risk threshold boundaries implemented across frontend and backend.
AUDIT-13,Natural Score Boundaries,Natural test scores fall in range 5-63; scores >=80 are rare compound outliers,outputs/phase18_system_health_report.md; outputs/phase20_hard_questions.md; outputs/phase20_model_explanation.md,CONSISTENT,Documented as authentic model behavior; no synthetic fake critical inflation.
AUDIT-14,Ethical Terminology,"Decision-Support, Non-Punitive, Human-in-the-Loop, No Automated Accusation",analyst/investigation_service.py; README.md; outputs/phase20_project_defense.md; outputs/phase20_ethics_review.md,CONSISTENT,Zero occurrences of accusatory terms; strict non-punitive framing verified.
AUDIT-15,Legal Admissibility,"Section 65B Indian Evidence Act / Section 63 BSA 2023, SHA-256 Hashing",database/investigation_models.py; analyst/dossier_generator.py; outputs/phase20_operational_questions.md,CONSISTENT,SHA-256 cryptographic chain of custody implemented and verified.
AUDIT-16,Data Privacy Compliance,Digital Personal Data Protection (DPDP) Act 2023 & PII Masking,api/schemas.py; config/logging_config.py; outputs/phase20_operational_questions.md; outputs/phase20_ethics_review.md,CONSISTENT,PII masking at API boundary and purpose limitation enforced.
AUDIT-17,REST API Endpoints,"POST /predict, POST /explain, GET /alerts, POST /investigations/{id}/transition, GET /gis/hotspots",api/main.py; api/routers/*.py; tests/test_api.py; outputs/phase20_final_structure.md,CONSISTENT,Router paths and HTTP verb signatures conform to OpenAPI v3 specification.
AUDIT-18,Database Architecture,PostgreSQL 15 + PostGIS with resilient GeoJSON fallback,database/connection.py; dashboard/js/dashboard.js; tests/test_database.py; outputs/phase20_demo_failure_recovery.md,CONSISTENT,PostGIS utilized when active; clean fallback to file-based GeoJSON ensures zero-downtime demo.
AUDIT-19,Pipeline Latency Budget,"Total End-to-End Latency ~29.0 ms (<100 ms Operational SLA)",src/system_smoke_test.py; outputs/phase18_system_health_report.md; outputs/phase20_technical_60_seconds.md,CONSISTENT,Benchmark sub-30ms performance validated on standard CPU hardware.
AUDIT-20,Test Suite Integrity,"239 Passed, 1 Skipped (External DB), 0 Failed; Smoke Test 10/10 Passed in 0.198s",tests/test_*.py; src/system_smoke_test.py; outputs/phase18_system_health_report.md; scripts/run_tests.bat,CONSISTENT,100% test integrity verified with zero test regressions.
