feature_name,original_source_column,feature_type,description,calculation_method,uses_historical_info,contains_leakage,missing_value_behavior,safe_for_future_ml,notes_limitations
case_id,Base Cleaned Table,str,Identifier / sensitive token / ground truth metadata,Preserved for linkage,False,False,0 missing values,False,DO NOT pass to ML estimators directly.
complaint_timestamp,Base Cleaned Table,str,Cleaned administrative attribute,Standardized text/numeric,False,False,0 missing values,True,Valid baseline feature.
crime_type,crime_type,str,Crime typology indicator and grouping,Domain rule taxonomy,False,False,0 missing values,True,Valid categorical feature.
fraud_amount,fraud_amount,float64,Financial loss magnitude and risk tiers,log1p and domain thresholds,False,False,0 missing values,True,Heavy-tailed; use robust scaler in model pipeline.
reported_by_authority,Base Cleaned Table,int64,Cleaned administrative attribute,Standardized text/numeric,False,False,0 missing values,True,Valid baseline feature.
victim_state,Base Cleaned Table,str,Cleaned administrative attribute,Standardized text/numeric,False,False,0 missing values,True,Valid baseline feature.
victim_district,Base Cleaned Table,str,Cleaned administrative attribute,Standardized text/numeric,False,False,0 missing values,True,Valid baseline feature.
victim_area,Base Cleaned Table,str,Cleaned administrative attribute,Standardized text/numeric,False,False,0 missing values,True,Valid baseline feature.
victim_area_id,Base Cleaned Table,str,Cleaned administrative attribute,Standardized text/numeric,False,False,0 missing values,True,Valid baseline feature.
latitude,Areas_Master centroid via victim_area_id,float64,Geographic coordinates and spatial resolution bin,Centroid mapping & rounding,False,False,0 missing values,True,Valid spatial feature.
longitude,Areas_Master centroid via victim_area_id,float64,Geographic coordinates and spatial resolution bin,Centroid mapping & rounding,False,False,0 missing values,True,Valid spatial feature.
victim_account_id_masked,Base Cleaned Table,str,Identifier / sensitive token / ground truth metadata,Preserved for linkage,False,False,0 missing values,False,DO NOT pass to ML estimators directly.
is_linked_to_withdrawal,Base Cleaned Table,int64,Identifier / sensitive token / ground truth metadata,Preserved for linkage,False,False,0 missing values,False,DO NOT pass to ML estimators directly.
event_year,complaint_timestamp,int32,Calendar/clock temporal feature derived from complaint filing time,Datetime extraction,False,False,0 missing values,True,Valid real-time intake feature.
event_month,complaint_timestamp,int32,Calendar/clock temporal feature derived from complaint filing time,Datetime extraction,False,False,0 missing values,True,Valid real-time intake feature.
event_day,complaint_timestamp,int32,Calendar/clock temporal feature derived from complaint filing time,Datetime extraction,False,False,0 missing values,True,Valid real-time intake feature.
event_day_of_month,complaint_timestamp,int32,Calendar/clock temporal feature derived from complaint filing time,Datetime extraction,False,False,0 missing values,True,Valid real-time intake feature.
event_day_of_week,complaint_timestamp,int32,Calendar/clock temporal feature derived from complaint filing time,Datetime extraction,False,False,0 missing values,True,Valid real-time intake feature.
event_hour,complaint_timestamp,int32,Calendar/clock temporal feature derived from complaint filing time,Datetime extraction,False,False,0 missing values,True,Valid real-time intake feature.
event_minute,complaint_timestamp,int32,Calendar/clock temporal feature derived from complaint filing time,Datetime extraction,False,False,0 missing values,True,Valid real-time intake feature.
is_weekend,complaint_timestamp,int64,Calendar/clock temporal feature derived from complaint filing time,Datetime extraction,False,False,0 missing values,True,Valid real-time intake feature.
is_month_start,Base Cleaned Table,int64,Cleaned administrative attribute,Standardized text/numeric,False,False,0 missing values,True,Valid baseline feature.
is_month_end,Base Cleaned Table,int64,Cleaned administrative attribute,Standardized text/numeric,False,False,0 missing values,True,Valid baseline feature.
is_quarter_start,Base Cleaned Table,int64,Cleaned administrative attribute,Standardized text/numeric,False,False,0 missing values,True,Valid baseline feature.
is_quarter_end,Base Cleaned Table,int64,Cleaned administrative attribute,Standardized text/numeric,False,False,0 missing values,True,Valid baseline feature.
hour_group,complaint_timestamp,str,Calendar/clock temporal feature derived from complaint filing time,Datetime extraction,False,False,0 missing values,True,Valid real-time intake feature.
time_period,complaint_timestamp,str,Calendar/clock temporal feature derived from complaint filing time,Datetime extraction,False,False,0 missing values,True,Valid real-time intake feature.
latitude_rounded,Areas_Master centroid via victim_area_id,float64,Geographic coordinates and spatial resolution bin,Centroid mapping & rounding,False,False,0 missing values,True,Valid spatial feature.
longitude_rounded,Areas_Master centroid via victim_area_id,float64,Geographic coordinates and spatial resolution bin,Centroid mapping & rounding,False,False,0 missing values,True,Valid spatial feature.
location_grid,Areas_Master centroid via victim_area_id,str,Geographic coordinates and spatial resolution bin,Centroid mapping & rounding,False,False,0 missing values,True,Valid spatial feature.
coordinate_precision,Base Cleaned Table,str,Cleaned administrative attribute,Standardized text/numeric,False,False,0 missing values,True,Valid baseline feature.
geographic_region,Areas_Master centroid via victim_area_id,str,Geographic coordinates and spatial resolution bin,Centroid mapping & rounding,False,False,0 missing values,True,Valid spatial feature.
crime_category_group,crime_type,str,Crime typology indicator and grouping,Domain rule taxonomy,False,False,0 missing values,True,Valid categorical feature.
is_financial_fraud,crime_type,int64,Crime typology indicator and grouping,Domain rule taxonomy,False,False,0 missing values,True,Valid categorical feature.
is_online_fraud,crime_type,int64,Crime typology indicator and grouping,Domain rule taxonomy,False,False,0 missing values,True,Valid categorical feature.
is_identity_related,crime_type,int64,Crime typology indicator and grouping,Domain rule taxonomy,False,False,0 missing values,True,Valid categorical feature.
is_transaction_related,Base Cleaned Table,int64,Cleaned administrative attribute,Standardized text/numeric,False,False,0 missing values,True,Valid baseline feature.
amount_log1p,fraud_amount,float64,Financial loss magnitude and risk tiers,log1p and domain thresholds,False,False,0 missing values,True,Heavy-tailed; use robust scaler in model pipeline.
amount_is_zero,fraud_amount,int64,Financial loss magnitude and risk tiers,log1p and domain thresholds,False,False,0 missing values,True,Heavy-tailed; use robust scaler in model pipeline.
amount_is_high,fraud_amount,int64,Financial loss magnitude and risk tiers,log1p and domain thresholds,False,False,0 missing values,True,Heavy-tailed; use robust scaler in model pipeline.
amount_category,fraud_amount,str,Financial loss magnitude and risk tiers,log1p and domain thresholds,False,False,0 missing values,True,Heavy-tailed; use robust scaler in model pipeline.
previous_event_count,complaint_timestamp & location/crime,int64,Past temporal/spatial activity count strictly preceding this event,np.searchsorted binary search on chronologically sorted past window,True,False,0 missing values,True,Excludes current row and all future records.
time_since_previous_event_hours,complaint_timestamp & location/crime,float64,Past temporal/spatial activity count strictly preceding this event,np.searchsorted binary search on chronologically sorted past window,True,False,0 missing values,True,Excludes current row and all future records.
events_in_previous_1_day,complaint_timestamp & location/crime,int64,Past temporal/spatial activity count strictly preceding this event,np.searchsorted binary search on chronologically sorted past window,True,False,0 missing values,True,Excludes current row and all future records.
events_in_previous_3_days,complaint_timestamp & location/crime,int64,Past temporal/spatial activity count strictly preceding this event,np.searchsorted binary search on chronologically sorted past window,True,False,0 missing values,True,Excludes current row and all future records.
events_in_previous_7_days,complaint_timestamp & location/crime,int64,Past temporal/spatial activity count strictly preceding this event,np.searchsorted binary search on chronologically sorted past window,True,False,0 missing values,True,Excludes current row and all future records.
events_in_previous_30_days,complaint_timestamp & location/crime,int64,Past temporal/spatial activity count strictly preceding this event,np.searchsorted binary search on chronologically sorted past window,True,False,0 missing values,True,Excludes current row and all future records.
previous_activity_by_location,complaint_timestamp & location/crime,int64,Past temporal/spatial activity count strictly preceding this event,np.searchsorted binary search on chronologically sorted past window,True,False,0 missing values,True,Excludes current row and all future records.
previous_activity_by_district,complaint_timestamp & location/crime,int64,Past temporal/spatial activity count strictly preceding this event,np.searchsorted binary search on chronologically sorted past window,True,False,0 missing values,True,Excludes current row and all future records.
previous_activity_by_crime_category,complaint_timestamp & location/crime,int64,Past temporal/spatial activity count strictly preceding this event,np.searchsorted binary search on chronologically sorted past window,True,False,0 missing values,True,Excludes current row and all future records.
rolling_event_count_1h,complaint_timestamp & location/crime,int64,Past temporal/spatial activity count strictly preceding this event,np.searchsorted binary search on chronologically sorted past window,True,False,0 missing values,True,Excludes current row and all future records.
rolling_event_count_6h,complaint_timestamp & location/crime,int64,Past temporal/spatial activity count strictly preceding this event,np.searchsorted binary search on chronologically sorted past window,True,False,0 missing values,True,Excludes current row and all future records.
rolling_event_count_24h,complaint_timestamp & location/crime,int64,Past temporal/spatial activity count strictly preceding this event,np.searchsorted binary search on chronologically sorted past window,True,False,0 missing values,True,Excludes current row and all future records.
rolling_event_count_7d,complaint_timestamp & location/crime,int64,Past temporal/spatial activity count strictly preceding this event,np.searchsorted binary search on chronologically sorted past window,True,False,0 missing values,True,Excludes current row and all future records.
rolling_location_event_count_24h,complaint_timestamp & location/crime,int64,Past temporal/spatial activity count strictly preceding this event,np.searchsorted binary search on chronologically sorted past window,True,False,0 missing values,True,Excludes current row and all future records.
rolling_crime_event_count_7d,complaint_timestamp & location/crime,int64,Past temporal/spatial activity count strictly preceding this event,np.searchsorted binary search on chronologically sorted past window,True,False,0 missing values,True,Excludes current row and all future records.
location_total_previous_events,complaint_timestamp & location/crime,int64,Past temporal/spatial activity count strictly preceding this event,np.searchsorted binary search on chronologically sorted past window,True,False,0 missing values,True,Excludes current row and all future records.
location_previous_24h_events,complaint_timestamp & location/crime,int64,Past temporal/spatial activity count strictly preceding this event,np.searchsorted binary search on chronologically sorted past window,True,False,0 missing values,True,Excludes current row and all future records.
location_previous_7d_events,complaint_timestamp & location/crime,int64,Past temporal/spatial activity count strictly preceding this event,np.searchsorted binary search on chronologically sorted past window,True,False,0 missing values,True,Excludes current row and all future records.
district_previous_24h_events,complaint_timestamp & location/crime,int64,Past temporal/spatial activity count strictly preceding this event,np.searchsorted binary search on chronologically sorted past window,True,False,0 missing values,True,Excludes current row and all future records.
district_previous_7d_events,complaint_timestamp & location/crime,int64,Past temporal/spatial activity count strictly preceding this event,np.searchsorted binary search on chronologically sorted past window,True,False,0 missing values,True,Excludes current row and all future records.
location_unique_crime_categories,crime_type,int64,Crime typology indicator and grouping,Domain rule taxonomy,False,False,0 missing values,True,Valid categorical feature.
has_location,Respective raw fields,int64,Data completeness and missingness audit indicator,isna() / notna() check,False,False,0 missing values,True,Audit feature; near-constant in clean data.
has_timestamp,Respective raw fields,int64,Data completeness and missingness audit indicator,isna() / notna() check,False,False,0 missing values,True,Audit feature; near-constant in clean data.
has_amount,fraud_amount,int64,Financial loss magnitude and risk tiers,log1p and domain thresholds,False,False,0 missing values,True,Heavy-tailed; use robust scaler in model pipeline.
has_crime_category,Respective raw fields,int64,Data completeness and missingness audit indicator,isna() / notna() check,False,False,0 missing values,True,Audit feature; near-constant in clean data.
has_district,Respective raw fields,int64,Data completeness and missingness audit indicator,isna() / notna() check,False,False,0 missing values,True,Audit feature; near-constant in clean data.
missing_coordinate_flag,Respective raw fields,int64,Data completeness and missingness audit indicator,isna() / notna() check,False,False,0 missing values,True,Audit feature; near-constant in clean data.
