feature,uses_future_information,safe_for_model,reason,action
complaint_timestamp,False,True,Calculated strictly using complaint intake attributes or prior events (j < i),Retain as Model Feature Candidate
crime_type,False,True,Calculated strictly using complaint intake attributes or prior events (j < i),Retain as Model Feature Candidate
fraud_amount,False,True,Calculated strictly using complaint intake attributes or prior events (j < i),Retain as Model Feature Candidate
reported_by_authority,False,True,Calculated strictly using complaint intake attributes or prior events (j < i),Retain as Model Feature Candidate
victim_state,False,True,Calculated strictly using complaint intake attributes or prior events (j < i),Retain as Model Feature Candidate
victim_district,False,True,Calculated strictly using complaint intake attributes or prior events (j < i),Retain as Model Feature Candidate
victim_area,False,True,Calculated strictly using complaint intake attributes or prior events (j < i),Retain as Model Feature Candidate
victim_area_id,False,True,Calculated strictly using complaint intake attributes or prior events (j < i),Retain as Model Feature Candidate
latitude,False,True,Calculated strictly using complaint intake attributes or prior events (j < i),Retain as Model Feature Candidate
longitude,False,True,Calculated strictly using complaint intake attributes or prior events (j < i),Retain as Model Feature Candidate
event_year,False,True,Calculated strictly using complaint intake attributes or prior events (j < i),Retain as Model Feature Candidate
event_month,False,True,Calculated strictly using complaint intake attributes or prior events (j < i),Retain as Model Feature Candidate
event_day,False,True,Calculated strictly using complaint intake attributes or prior events (j < i),Retain as Model Feature Candidate
event_day_of_month,False,True,Calculated strictly using complaint intake attributes or prior events (j < i),Retain as Model Feature Candidate
event_day_of_week,False,True,Calculated strictly using complaint intake attributes or prior events (j < i),Retain as Model Feature Candidate
event_hour,False,True,Calculated strictly using complaint intake attributes or prior events (j < i),Retain as Model Feature Candidate
event_minute,False,True,Calculated strictly using complaint intake attributes or prior events (j < i),Retain as Model Feature Candidate
is_weekend,False,True,Calculated strictly using complaint intake attributes or prior events (j < i),Retain as Model Feature Candidate
is_month_start,False,True,Calculated strictly using complaint intake attributes or prior events (j < i),Retain as Model Feature Candidate
is_month_end,False,True,Calculated strictly using complaint intake attributes or prior events (j < i),Retain as Model Feature Candidate
is_quarter_start,False,True,Calculated strictly using complaint intake attributes or prior events (j < i),Retain as Model Feature Candidate
is_quarter_end,False,True,Calculated strictly using complaint intake attributes or prior events (j < i),Retain as Model Feature Candidate
hour_group,False,True,Calculated strictly using complaint intake attributes or prior events (j < i),Retain as Model Feature Candidate
time_period,False,True,Calculated strictly using complaint intake attributes or prior events (j < i),Retain as Model Feature Candidate
latitude_rounded,False,True,Calculated strictly using complaint intake attributes or prior events (j < i),Retain as Model Feature Candidate
longitude_rounded,False,True,Calculated strictly using complaint intake attributes or prior events (j < i),Retain as Model Feature Candidate
location_grid,False,True,Calculated strictly using complaint intake attributes or prior events (j < i),Retain as Model Feature Candidate
coordinate_precision,False,True,Calculated strictly using complaint intake attributes or prior events (j < i),Retain as Model Feature Candidate
geographic_region,False,True,Calculated strictly using complaint intake attributes or prior events (j < i),Retain as Model Feature Candidate
crime_category_group,False,True,Calculated strictly using complaint intake attributes or prior events (j < i),Retain as Model Feature Candidate
is_financial_fraud,False,True,Calculated strictly using complaint intake attributes or prior events (j < i),Retain as Model Feature Candidate
is_online_fraud,False,True,Calculated strictly using complaint intake attributes or prior events (j < i),Retain as Model Feature Candidate
is_identity_related,False,True,Calculated strictly using complaint intake attributes or prior events (j < i),Retain as Model Feature Candidate
is_transaction_related,False,True,Calculated strictly using complaint intake attributes or prior events (j < i),Retain as Model Feature Candidate
amount_log1p,False,True,Calculated strictly using complaint intake attributes or prior events (j < i),Retain as Model Feature Candidate
amount_is_zero,False,True,Calculated strictly using complaint intake attributes or prior events (j < i),Retain as Model Feature Candidate
amount_is_high,False,True,Calculated strictly using complaint intake attributes or prior events (j < i),Retain as Model Feature Candidate
amount_category,False,True,Calculated strictly using complaint intake attributes or prior events (j < i),Retain as Model Feature Candidate
previous_event_count,False,True,Calculated strictly using complaint intake attributes or prior events (j < i),Retain as Model Feature Candidate
time_since_previous_event_hours,False,True,Calculated strictly using complaint intake attributes or prior events (j < i),Retain as Model Feature Candidate
events_in_previous_1_day,False,True,Calculated strictly using complaint intake attributes or prior events (j < i),Retain as Model Feature Candidate
events_in_previous_3_days,False,True,Calculated strictly using complaint intake attributes or prior events (j < i),Retain as Model Feature Candidate
events_in_previous_7_days,False,True,Calculated strictly using complaint intake attributes or prior events (j < i),Retain as Model Feature Candidate
events_in_previous_30_days,False,True,Calculated strictly using complaint intake attributes or prior events (j < i),Retain as Model Feature Candidate
previous_activity_by_location,False,True,Calculated strictly using complaint intake attributes or prior events (j < i),Retain as Model Feature Candidate
previous_activity_by_district,False,True,Calculated strictly using complaint intake attributes or prior events (j < i),Retain as Model Feature Candidate
previous_activity_by_crime_category,False,True,Calculated strictly using complaint intake attributes or prior events (j < i),Retain as Model Feature Candidate
rolling_event_count_1h,False,True,Calculated strictly using complaint intake attributes or prior events (j < i),Retain as Model Feature Candidate
rolling_event_count_6h,False,True,Calculated strictly using complaint intake attributes or prior events (j < i),Retain as Model Feature Candidate
rolling_event_count_24h,False,True,Calculated strictly using complaint intake attributes or prior events (j < i),Retain as Model Feature Candidate
rolling_event_count_7d,False,True,Calculated strictly using complaint intake attributes or prior events (j < i),Retain as Model Feature Candidate
rolling_location_event_count_24h,False,True,Calculated strictly using complaint intake attributes or prior events (j < i),Retain as Model Feature Candidate
rolling_crime_event_count_7d,False,True,Calculated strictly using complaint intake attributes or prior events (j < i),Retain as Model Feature Candidate
location_total_previous_events,False,True,Calculated strictly using complaint intake attributes or prior events (j < i),Retain as Model Feature Candidate
location_previous_24h_events,False,True,Calculated strictly using complaint intake attributes or prior events (j < i),Retain as Model Feature Candidate
location_previous_7d_events,False,True,Calculated strictly using complaint intake attributes or prior events (j < i),Retain as Model Feature Candidate
district_previous_24h_events,False,True,Calculated strictly using complaint intake attributes or prior events (j < i),Retain as Model Feature Candidate
district_previous_7d_events,False,True,Calculated strictly using complaint intake attributes or prior events (j < i),Retain as Model Feature Candidate
location_unique_crime_categories,False,True,Calculated strictly using complaint intake attributes or prior events (j < i),Retain as Model Feature Candidate
has_location,False,True,Calculated strictly using complaint intake attributes or prior events (j < i),Retain as Model Feature Candidate
has_timestamp,False,True,Calculated strictly using complaint intake attributes or prior events (j < i),Retain as Model Feature Candidate
has_amount,False,True,Calculated strictly using complaint intake attributes or prior events (j < i),Retain as Model Feature Candidate
has_crime_category,False,True,Calculated strictly using complaint intake attributes or prior events (j < i),Retain as Model Feature Candidate
has_district,False,True,Calculated strictly using complaint intake attributes or prior events (j < i),Retain as Model Feature Candidate
missing_coordinate_flag,False,True,Calculated strictly using complaint intake attributes or prior events (j < i),Retain as Model Feature Candidate
