feature,expected,present_in_test,dtype,status
crime_type,True,True,str,COMPATIBLE
fraud_amount,True,True,float64,COMPATIBLE
reported_by_authority,True,True,int64,COMPATIBLE
victim_state,True,True,str,COMPATIBLE
victim_district,True,True,str,COMPATIBLE
victim_area,True,True,str,COMPATIBLE
victim_area_id,True,True,str,COMPATIBLE
latitude,True,True,float64,COMPATIBLE
longitude,True,True,float64,COMPATIBLE
event_year,True,True,int64,COMPATIBLE
event_month,True,True,int64,COMPATIBLE
event_day,True,True,int64,COMPATIBLE
event_day_of_month,True,True,int64,COMPATIBLE
event_day_of_week,True,True,int64,COMPATIBLE
event_hour,True,True,int64,COMPATIBLE
event_minute,True,True,int64,COMPATIBLE
is_weekend,True,True,int64,COMPATIBLE
is_month_start,True,True,int64,COMPATIBLE
is_month_end,True,True,int64,COMPATIBLE
is_quarter_start,True,True,int64,COMPATIBLE
is_quarter_end,True,True,int64,COMPATIBLE
hour_group,True,True,str,COMPATIBLE
time_period,True,True,str,COMPATIBLE
latitude_rounded,True,True,float64,COMPATIBLE
longitude_rounded,True,True,float64,COMPATIBLE
location_grid,True,True,str,COMPATIBLE
coordinate_precision,True,True,str,COMPATIBLE
geographic_region,True,True,str,COMPATIBLE
crime_category_group,True,True,str,COMPATIBLE
is_financial_fraud,True,True,int64,COMPATIBLE
is_online_fraud,True,True,int64,COMPATIBLE
is_identity_related,True,True,int64,COMPATIBLE
is_transaction_related,True,True,int64,COMPATIBLE
amount_log1p,True,True,float64,COMPATIBLE
amount_is_zero,True,True,int64,COMPATIBLE
amount_is_high,True,True,int64,COMPATIBLE
amount_category,True,True,str,COMPATIBLE
previous_event_count,True,True,int64,COMPATIBLE
time_since_previous_event_hours,True,True,float64,COMPATIBLE
events_in_previous_1_day,True,True,int64,COMPATIBLE
events_in_previous_3_days,True,True,int64,COMPATIBLE
events_in_previous_7_days,True,True,int64,COMPATIBLE
events_in_previous_30_days,True,True,int64,COMPATIBLE
previous_activity_by_location,True,True,int64,COMPATIBLE
previous_activity_by_district,True,True,int64,COMPATIBLE
previous_activity_by_crime_category,True,True,int64,COMPATIBLE
rolling_event_count_1h,True,True,int64,COMPATIBLE
rolling_event_count_6h,True,True,int64,COMPATIBLE
rolling_event_count_24h,True,True,int64,COMPATIBLE
rolling_event_count_7d,True,True,int64,COMPATIBLE
rolling_location_event_count_24h,True,True,int64,COMPATIBLE
rolling_crime_event_count_7d,True,True,int64,COMPATIBLE
location_total_previous_events,True,True,int64,COMPATIBLE
location_previous_24h_events,True,True,int64,COMPATIBLE
location_previous_7d_events,True,True,int64,COMPATIBLE
district_previous_24h_events,True,True,int64,COMPATIBLE
district_previous_7d_events,True,True,int64,COMPATIBLE
location_unique_crime_categories,True,True,int64,COMPATIBLE
has_location,True,True,int64,COMPATIBLE
has_timestamp,True,True,int64,COMPATIBLE
has_amount,True,True,int64,COMPATIBLE
has_crime_category,True,True,int64,COMPATIBLE
has_district,True,True,int64,COMPATIBLE
missing_coordinate_flag,True,True,int64,COMPATIBLE
