n_estimators,max_depth,learning_rate,subsample,colsample_bytree,precision,recall,f1,roc_auc,pr_auc
200,3,0.05,0.8,0.8,0.1222,0.0764,0.094,0.5088,0.1072
300,3,0.05,0.8,0.8,0.1389,0.0347,0.0556,0.5009,0.1022
300,5,0.05,0.8,0.8,0.0,0.0,0.0,0.4871,0.0919
300,5,0.03,0.8,0.8,0.0625,0.0208,0.0312,0.4896,0.0951
300,5,0.1,0.8,0.8,0.1333,0.0139,0.0252,0.4859,0.0967
300,7,0.05,0.8,0.8,0.0,0.0,0.0,0.4834,0.0925
500,5,0.03,0.8,0.8,0.0714,0.0139,0.0233,0.4801,0.0943
500,5,0.05,1.0,1.0,0.0606,0.0139,0.0226,0.5011,0.0978
300,5,0.05,1.0,0.8,0.0645,0.0139,0.0229,0.5024,0.0965
300,7,0.03,0.8,1.0,0.0,0.0,0.0,0.4948,0.0985
