package,required,installed,version,status
pandas,YES,YES,3.0.5,MATCH / INSTALLED
numpy,YES,YES,2.4.6,MATCH / INSTALLED
scikit-learn,YES,YES,1.9.1,MATCH / INSTALLED
xgboost,YES,YES,3.2.0,MATCH / INSTALLED
joblib,YES,YES,1.6.0,MATCH / INSTALLED
scipy,YES,YES,1.17.1,MATCH / INSTALLED
shap,YES,YES,0.51.0,MATCH / INSTALLED
matplotlib,YES,YES,3.11.1,MATCH / INSTALLED
seaborn,YES,YES,0.13.2,MATCH / INSTALLED
openpyxl,YES,YES,3.1.5,MATCH / INSTALLED
python-dateutil,YES,YES,2.9.0.post0,MATCH / INSTALLED
fastapi,YES,YES,0.141.1,MATCH / INSTALLED
uvicorn,YES,YES,0.52.4,MATCH / INSTALLED
pydantic,YES,YES,2.12.5,MATCH / INSTALLED
httpx,YES,YES,0.28.1,MATCH / INSTALLED
pytest,YES,YES,9.1.1,MATCH / INSTALLED
pytest-asyncio,YES,YES,1.4.0,MATCH / INSTALLED
sqlalchemy,YES,YES,2.0.52,MATCH / INSTALLED
psycopg,YES,YES,3.3.5,MATCH / INSTALLED
geoalchemy2,YES,YES,0.20.0,MATCH / INSTALLED
python-dotenv,YES,YES,1.2.3,MATCH / INSTALLED
shapely,YES,YES,2.1.2,MATCH / INSTALLED
jupyter,YES,YES,1.1.1,MATCH / INSTALLED
notebook,YES,YES,7.6.1,MATCH / INSTALLED
