feature,category,source,leakage_status,availability
crime_type,Categorical,Intake / Base,PASS (Leakage-Free),Available at complaint intake T0
fraud_amount,Numerical,Intake / Base,PASS (Leakage-Free),Available at complaint intake T0
reported_by_authority,Numerical,Intake / Base,PASS (Leakage-Free),Available at complaint intake T0
victim_state,Categorical,Intake / Base,PASS (Leakage-Free),Available at complaint intake T0
victim_district,Categorical,Intake / Base,PASS (Leakage-Free),Available at complaint intake T0
victim_area,Categorical,Intake / Base,PASS (Leakage-Free),Available at complaint intake T0
victim_area_id,Categorical,Intake / Base,PASS (Leakage-Free),Available at complaint intake T0
latitude,Numerical,Intake / Base,PASS (Leakage-Free),Available at complaint intake T0
longitude,Numerical,Intake / Base,PASS (Leakage-Free),Available at complaint intake T0
event_year,Numerical,Intake / Base,PASS (Leakage-Free),Available at complaint intake T0
event_day_of_month,Numerical,Intake / Base,PASS (Leakage-Free),Available at complaint intake T0
event_day_of_week,Numerical,Intake / Base,PASS (Leakage-Free),Available at complaint intake T0
event_hour,Numerical,Intake / Base,PASS (Leakage-Free),Available at complaint intake T0
event_minute,Numerical,Intake / Base,PASS (Leakage-Free),Available at complaint intake T0
is_weekend,Numerical,Intake / Base,PASS (Leakage-Free),Available at complaint intake T0
is_month_start,Numerical,Intake / Base,PASS (Leakage-Free),Available at complaint intake T0
is_month_end,Numerical,Intake / Base,PASS (Leakage-Free),Available at complaint intake T0
is_quarter_start,Numerical,Intake / Base,PASS (Leakage-Free),Available at complaint intake T0
is_quarter_end,Numerical,Intake / Base,PASS (Leakage-Free),Available at complaint intake T0
hour_group,Categorical,Intake / Base,PASS (Leakage-Free),Available at complaint intake T0
time_period,Categorical,Intake / Base,PASS (Leakage-Free),Available at complaint intake T0
latitude_rounded,Numerical,Intake / Base,PASS (Leakage-Free),Available at complaint intake T0
longitude_rounded,Numerical,Intake / Base,PASS (Leakage-Free),Available at complaint intake T0
location_grid,Categorical,Intake / Base,PASS (Leakage-Free),Available at complaint intake T0
coordinate_precision,Categorical,Intake / Base,PASS (Leakage-Free),Available at complaint intake T0
geographic_region,Categorical,Intake / Base,PASS (Leakage-Free),Available at complaint intake T0
crime_category_group,Categorical,Intake / Base,PASS (Leakage-Free),Available at complaint intake T0
is_financial_fraud,Numerical,Intake / Base,PASS (Leakage-Free),Available at complaint intake T0
is_online_fraud,Numerical,Intake / Base,PASS (Leakage-Free),Available at complaint intake T0
is_identity_related,Numerical,Intake / Base,PASS (Leakage-Free),Available at complaint intake T0
is_transaction_related,Numerical,Intake / Base,PASS (Leakage-Free),Available at complaint intake T0
amount_log1p,Numerical,Intake / Base,PASS (Leakage-Free),Available at complaint intake T0
amount_is_zero,Numerical,Intake / Base,PASS (Leakage-Free),Available at complaint intake T0
amount_is_high,Numerical,Intake / Base,PASS (Leakage-Free),Available at complaint intake T0
amount_category,Categorical,Intake / Base,PASS (Leakage-Free),Available at complaint intake T0
time_since_previous_event_hours,Numerical,Intake / Base,PASS (Leakage-Free),Available at complaint intake T0
events_in_previous_1_day,Numerical,Intake / Base,PASS (Leakage-Free),Available at complaint intake T0
events_in_previous_3_days,Numerical,Intake / Base,PASS (Leakage-Free),Available at complaint intake T0
events_in_previous_7_days,Numerical,Intake / Base,PASS (Leakage-Free),Available at complaint intake T0
events_in_previous_30_days,Numerical,Intake / Base,PASS (Leakage-Free),Available at complaint intake T0
rolling_event_count_1h,Numerical,Intake / Base,PASS (Leakage-Free),Available at complaint intake T0
rolling_event_count_6h,Numerical,Intake / Base,PASS (Leakage-Free),Available at complaint intake T0
rolling_event_count_24h,Numerical,Intake / Base,PASS (Leakage-Free),Available at complaint intake T0
rolling_event_count_7d,Numerical,Intake / Base,PASS (Leakage-Free),Available at complaint intake T0
rolling_location_event_count_24h,Numerical,Intake / Base,PASS (Leakage-Free),Available at complaint intake T0
rolling_crime_event_count_7d,Numerical,Intake / Base,PASS (Leakage-Free),Available at complaint intake T0
location_previous_24h_events,Numerical,Intake / Base,PASS (Leakage-Free),Available at complaint intake T0
location_previous_7d_events,Numerical,Intake / Base,PASS (Leakage-Free),Available at complaint intake T0
district_previous_24h_events,Numerical,Intake / Base,PASS (Leakage-Free),Available at complaint intake T0
district_previous_7d_events,Numerical,Intake / Base,PASS (Leakage-Free),Available at complaint intake T0
has_location,Numerical,Intake / Base,PASS (Leakage-Free),Available at complaint intake T0
has_timestamp,Numerical,Intake / Base,PASS (Leakage-Free),Available at complaint intake T0
has_amount,Numerical,Intake / Base,PASS (Leakage-Free),Available at complaint intake T0
has_crime_category,Numerical,Intake / Base,PASS (Leakage-Free),Available at complaint intake T0
has_district,Numerical,Intake / Base,PASS (Leakage-Free),Available at complaint intake T0
missing_coordinate_flag,Numerical,Intake / Base,PASS (Leakage-Free),Available at complaint intake T0
victim_account_type,Categorical,Transactions / Accounts,PASS (Leakage-Free),Available at complaint intake T0
victim_account_age_days,Numerical,Transactions / Accounts,PASS (Leakage-Free),Available at complaint intake T0
victim_baseline_daily_txns,Numerical,Transactions / Accounts,PASS (Leakage-Free),Available at complaint intake T0
victim_baseline_daily_amount,Numerical,Transactions / Accounts,PASS (Leakage-Free),Available at complaint intake T0
victim_baseline_daily_withdrawals,Numerical,Transactions / Accounts,PASS (Leakage-Free),Available at complaint intake T0
fraud_to_daily_amount_ratio,Numerical,Transactions / Accounts,PASS (Leakage-Free),Available at complaint intake T0
fraud_amount_excess_over_baseline,Numerical,Transactions / Accounts,PASS (Leakage-Free),Available at complaint intake T0
case_prior_txn_count,Numerical,Transactions / Accounts,PASS (Leakage-Free),Available at complaint intake T0
case_prior_amount_sum,Numerical,Transactions / Accounts,PASS (Leakage-Free),Available at complaint intake T0
case_prior_amount_max,Numerical,Transactions / Accounts,PASS (Leakage-Free),Available at complaint intake T0
case_prior_unique_channels,Numerical,Transactions / Accounts,PASS (Leakage-Free),Available at complaint intake T0
case_hours_since_first_txn,Numerical,Transactions / Accounts,PASS (Leakage-Free),Available at complaint intake T0
victim_outgoing_txns_all,Numerical,Transactions / Accounts,PASS (Leakage-Free),Available at complaint intake T0
victim_outgoing_amount_all,Numerical,Transactions / Accounts,PASS (Leakage-Free),Available at complaint intake T0
victim_outgoing_amount_avg,Numerical,Transactions / Accounts,PASS (Leakage-Free),Available at complaint intake T0
victim_outgoing_amount_max,Numerical,Transactions / Accounts,PASS (Leakage-Free),Available at complaint intake T0
victim_hours_since_last_outgoing,Numerical,Transactions / Accounts,PASS (Leakage-Free),Available at complaint intake T0
victim_outgoing_txns_24h,Numerical,Transactions / Accounts,PASS (Leakage-Free),Available at complaint intake T0
victim_outgoing_amount_24h,Numerical,Transactions / Accounts,PASS (Leakage-Free),Available at complaint intake T0
victim_outgoing_txns_7d,Numerical,Transactions / Accounts,PASS (Leakage-Free),Available at complaint intake T0
victim_outgoing_amount_7d,Numerical,Transactions / Accounts,PASS (Leakage-Free),Available at complaint intake T0
victim_incoming_txns_all,Numerical,Transactions / Accounts,PASS (Leakage-Free),Available at complaint intake T0
victim_incoming_amount_all,Numerical,Transactions / Accounts,PASS (Leakage-Free),Available at complaint intake T0
victim_incoming_txns_24h,Numerical,Transactions / Accounts,PASS (Leakage-Free),Available at complaint intake T0
victim_incoming_amount_24h,Numerical,Transactions / Accounts,PASS (Leakage-Free),Available at complaint intake T0
victim_hours_since_last_incoming,Numerical,Transactions / Accounts,PASS (Leakage-Free),Available at complaint intake T0
victim_total_prior_volume,Numerical,Transactions / Accounts,PASS (Leakage-Free),Available at complaint intake T0
victim_net_prior_flow,Numerical,Transactions / Accounts,PASS (Leakage-Free),Available at complaint intake T0
victim_total_linked_accounts,Numerical,Transactions / Accounts,PASS (Leakage-Free),Available at complaint intake T0
victim_velocity_surge_ratio,Numerical,Transactions / Accounts,PASS (Leakage-Free),Available at complaint intake T0
