iteration,training_logloss,validation_logloss
1,0.6927116484727178,0.690813736041387
2,0.6911186599901744,0.6890296202898025
3,0.6899542608686856,0.6864467654625575
4,0.6889482096603938,0.6858624786535898
5,0.6882141294138772,0.6919314866463343
6,0.6870632030793599,0.6910135730107625
7,0.6865137980154582,0.6910112341642379
8,0.6856783872842789,0.6905698487361273
9,0.6846712480102266,0.6895725224415461
10,0.683618183859757,0.6890163699785868
11,0.683909383041518,0.6894587963819504
12,0.6830259123614856,0.683812390645345
13,0.6815605068887983,0.6799441781441371
14,0.6816984533923013,0.6803972360690435
15,0.6811199909448624,0.6462373857498169
16,0.6810444396053041,0.6464341258207957
17,0.6806550232938358,0.6446100164850553
18,0.6793572075239249,0.6433169182538986
19,0.6789449748865196,0.6429749935070673
20,0.6780103637618677,0.6420763073563576
21,0.67778402322105,0.6419090192317962
22,0.6770310227487768,0.6383504437009494
23,0.6761446763362203,0.6378276312549909
24,0.6750666342973709,0.6366732091705004
25,0.6747650478524821,0.6351781874497732
26,0.6742707796863148,0.6436120314002037
27,0.6740098292401858,0.6436273730397224
28,0.6730712793213981,0.6430703445474307
29,0.6721431053153106,0.6411853850483894
30,0.6713810918927192,0.6406361024181048
31,0.6709025056575025,0.6411991464296977
32,0.6701042814850807,0.6428504527409872
33,0.6690708878040313,0.640290410121282
34,0.6689959634329592,0.6403577229380608
35,0.6687349473578589,0.6404749709765116
36,0.6676726968671595,0.6289758817354838
37,0.667055917003325,0.6280472888151805
38,0.6672172418832779,0.6315173199772834
39,0.6670386742310864,0.6313790715734164
40,0.6664529105126857,0.6313525154987971
41,0.6656291563979218,0.6295340942144394
42,0.6659184532718999,0.6297604991197586
43,0.6647105859943798,0.6287814878225326
44,0.6650762494163853,0.6289048599998156
45,0.6648465615298067,0.6285552655061086
46,0.6642902188641684,0.5994990859826406
47,0.6635300229362079,0.6045071495175361
48,0.6625205310838563,0.6038467575112979
49,0.6630725561806133,0.6045028565526008
50,0.6626003059404237,0.60351315142711
51,0.6616500031948089,0.6006560981869697
52,0.6612644594141415,0.6009369948108991
53,0.6611841951906681,0.6010320565104484
54,0.6600135626324586,0.601432467798392
55,0.6602602666275842,0.5968146130045255
56,0.6586139130890369,0.599059546371301
57,0.6581302465753895,0.5989708531300227
58,0.6568235418413366,0.5979349125623703
59,0.6564299973419735,0.5976768255432446
60,0.6564353403406484,0.5978477243185043
61,0.6569896052777767,0.5985084240436553
62,0.6566193504588944,0.5986074917713801
63,0.6566508467197418,0.5988614223996798
64,0.6564404242081302,0.5973790422081947
65,0.6561790240236691,0.5970812334815662
66,0.6552381231146199,0.5968625858823459
67,0.6554664854747908,0.5971338065961996
68,0.6553320132749422,0.5975789336760838
69,0.6546411750657218,0.596658367762963
70,0.6537531809253352,0.5992606895764668
71,0.6538393333767142,0.5929335216681163
72,0.6528966161268098,0.5982086747487386
73,0.6523486805600779,0.6038641107082366
74,0.6524146015346051,0.6040761633912722
75,0.6514732558684689,0.6015581231713295
76,0.6514608905315399,0.6016105317274729
77,0.6508793732821941,0.6012093611359596
78,0.6504575211448329,0.601003047734499
79,0.6497822055348328,0.6006131080488364
80,0.6496802188711507,0.6007906474371751
81,0.649720174487148,0.6008765578170617
82,0.6493227795192174,0.6004147605697314
83,0.6491878876941545,0.5988290732204914
84,0.6492764802915709,0.5982442795336247
85,0.6491424585282802,0.5995990790228048
86,0.6484792566427162,0.5983432943324248
87,0.6488711634704045,0.5987908276617527
88,0.6483880899463381,0.599189684877793
89,0.6487748484313488,0.5995914013485114
90,0.6470347958547729,0.5825500808457533
91,0.6464520132499082,0.5801151071588199
92,0.6455482067465782,0.5798511878550052
93,0.6457986152384962,0.5798658257524173
94,0.6449418280976159,0.5720381090144316
95,0.6444491230164255,0.5718955839077632
96,0.6442042933425733,0.5717525732020537
97,0.6437858143406255,0.571351784080267
98,0.6433774061756474,0.5710396703481674
99,0.6428000646489007,0.5728950666983922
100,0.6418407207301685,0.572237452407678
101,0.6420808816445726,0.5760336590707302
102,0.641512819356152,0.576093156516552
103,0.6412974653669766,0.5775256300369899
104,0.639988304580961,0.5780288960933685
105,0.6397638904771634,0.5775309001306693
106,0.6398218102817025,0.577690685838461
107,0.6389623385816813,0.5759523934622606
108,0.6395926077514887,0.5760944973230362
109,0.6383770150073937,0.5746586032907168
110,0.6384073884338141,0.5746992285947005
111,0.6379221719098943,0.5740304936766625
112,0.6378571186597858,0.5739400760531426
113,0.6384724645550762,0.5745264793833097
114,0.6383413922148091,0.5745419453680515
115,0.6379814955528293,0.575742872218291
116,0.6371510927890028,0.5749238864978155
117,0.637386840411595,0.5698323534925779
118,0.6374719293372971,0.5699443673988184
119,0.6372849322493587,0.5689572416047255
120,0.6367922636653696,0.5682802719275156
121,0.6362427377636943,0.5687334715823332
122,0.6356544337017196,0.5682771959006786
123,0.6353217578551599,0.5681501240630945
124,0.6351609607871089,0.5679966861009598
125,0.6347710058050496,0.568007028957208
126,0.6343873443646091,0.5679977905452251
127,0.6337571148212467,0.5674658469259739
128,0.6334286160128457,0.5673524459600449
129,0.6328529586941004,0.5672951551278432
130,0.6321280655797039,0.5666577929953734
131,0.6311574223382133,0.5661820924083392
132,0.6302722290073123,0.5654904594222705
133,0.6304480423863446,0.5658776949346066
134,0.6293326083741018,0.549842386196057
135,0.6288712008382593,0.5445525639653206
136,0.6284339144315039,0.5442739820381005
137,0.6279718697879996,0.5431568758090337
138,0.6271630241764443,0.5422402818302313
139,0.6263579093026264,0.5394924503664176
140,0.6259908641959939,0.5416848908265431
141,0.6256340441788946,0.5415080670217673
142,0.6252980660753591,0.541193826029698
143,0.6247579662225076,0.5407379675606887
144,0.6250319422653743,0.5410959971944491
145,0.6249081893605846,0.5403419188360373
146,0.6240416947518076,0.5397065559228261
147,0.6237854363130672,0.5385871901214123
148,0.6232926093084472,0.5381043267448743
149,0.6229395366651671,0.5376441503167152
150,0.6219084607596909,0.5365740879575411
151,0.6215792959736927,0.5336085537473361
152,0.6216290179129158,0.533600917428732
153,0.6215953910776547,0.53364934583505
154,0.6217207325037036,0.533638024320205
155,0.6223680091585432,0.5385303138693174
156,0.6220190961105483,0.5380992796421051
157,0.6227990893380982,0.5386606928010782
158,0.6224257354949202,0.5400805626114209
159,0.622118989742228,0.5399281771779061
160,0.6211484804557903,0.5391818954149882
161,0.6210066613512379,0.5395079014201959
162,0.6212042332419327,0.5397833746373654
163,0.620875094132764,0.5395806962450346
164,0.620251867038863,0.5378232879936695
165,0.6206495228345905,0.538080443461736
166,0.6199535477416855,0.5359284033576648
167,0.619270212456584,0.5358935729761919
168,0.6194873610990388,0.5360535709361235
169,0.6197452500270946,0.5363928305010001
170,0.6190240120121411,0.5346911513805389
171,0.6186244717559645,0.5343748719890913
172,0.6187798921274288,0.5346035495301088
173,0.6182170963691813,0.5246059335917235
174,0.6178338170030288,0.5269647413641214
175,0.617230282826083,0.5265375912984213
176,0.6163201576982226,0.5251308690458536
177,0.6158822151550225,0.5211027035613854
178,0.6156365391675915,0.5217540379613638
179,0.6153331840293748,0.521660482386748
180,0.6152921961077622,0.5214745647708575
181,0.6150548707693815,0.5213319372385741
182,0.614844644925424,0.526750369866689
183,0.6141317469115768,0.5263448969125748
184,0.6141378900642905,0.5262381627211968
185,0.614045879474708,0.5254694715489944
186,0.6143408401523318,0.5257167807122072
187,0.6143118272806917,0.5257362423688173
188,0.6136693099801029,0.5253171819299459
189,0.6135438527422292,0.5252338197280964
190,0.6132072011168515,0.5253138661632936
191,0.612711579637868,0.5245860855728388
192,0.6128748471928495,0.5246516812245051
193,0.6124394125874554,0.5190526726841926
194,0.6123336232730321,0.5188427280386289
195,0.6121894148779767,0.5198011869738499
196,0.6119739942273923,0.5197526732335488
197,0.6122670430413314,0.5200154096633196
198,0.611433680630156,0.520069777160883
199,0.6112023558786938,0.5199977727979421
200,0.6113671105291162,0.5201929051329692
